name,responsible_for_v,responsible_for_i,receiving_v,receiving_i,prefix_list
Ovid Technologies (Wolters Kluwer Health),1085,371468,2319,376955,10.1161__10.1212__10.1097__10.1213__10.1227__10.1519__10.2106__10.1249__10.1288__10.5435__10.1203__10.11124__10.2459
Test accounts,0,0,0,132401,10.5555
Springer Science and Business Media LLC,22107,141052,11084,94326,10.1007__10.1186__10.1038__10.1057__10.1140__10.4056__10.1023__10.2165__10.1379__10.3758__10.1245__10.1208__10.1557__10.1617__10.1361__10.17269__10.1385__10.1065__10.1013__10.7603__10.1381__10.1114__10.3858__10.1251
Wiley,10402,51011,9937,88856,10.1111__10.1002__10.1046__10.1256__10.1634__10.1113__10.2134__10.1348__10.1890__10.2136__10.1034__10.1897__10.3170__10.1118__10.2903__10.2135__10.2746__10.4319__10.3401__10.1196__10.14814__10.3322__10.1359__10.4218__10.1516__10.3162__10.1301__10.2164__10.2966__10.7863__10.4195__10.1592__10.1526__10.1892__10.5054__10.1506
Elsevier BV,11867,4775,841,86888,10.1016__10.2139__10.1006__10.1053__10.1205__10.1580__10.1197__10.1054__10.2353__10.1378__10.1067__10.1602__10.1078__10.2111__10.3129__10.14219__10.1240__10.1533__10.1529__10.1331__10.1157__10.4065__10.3816__10.1367__10.1383__10.3182__10.21967__10.3921
JSTOR,18,20929,3151,49158,10.2307
Informa UK Limited,8967,88709,8424,35655,10.1080__10.4161__10.3109__10.4324__10.1201__10.2513__10.1207__10.2147__10.3763__10.1198__10.3155__10.1586__10.2167__10.2216__10.1081__10.7158__10.3810__10.1174__10.5175__10.3200__10.5408__10.1623__10.3152__10.3826__10.3137__10.4113__10.3939__10.1582__10.1887__10.5661__10.2976
unidentified,91,508,6192,27988,"10.3760__10.13745__10.1059__10.5475__10.251__10.1412__10.25969__10.5281__10.4454__10.10007__10.3870__10.19346__10.1234__10.1018__10.11674__10.21.2196__10.11889__10.11764__10.177__10.016__10.1457__10.016114618__10.5277__10.0.3.239__10.26355__10.111__10.10167__10.11080__10.6091__10.11949__10.17603__10.11867__10.4449__10.3878__10.002__10..annurev.pp.29.060178.002021__10.3969__10.06.2012__10.6093__10.10-16__10.13140__10.1008__10.7534__10.24425__10.107__10.5284__10.13207__10.12898__10.1453__10.​1002__10.3964__10.0000__10.2448__10.38__10.7503__10.7620__10.2806__10.10.3109__10.2810__10.117.7__10.18140__10.13883__10.4232__10.80__10.16__10.1410__10.1019__10.10.3899__10.4435__10.22086__10.10.21037__10.101__10.22037__10.14471__10.7334__10.106__10.11733__10.1400__10.2777__10.22034__10.16128__10.2735__10.06__10.13863__10.1005__10.13278__10.1967__10.117__10.12029__10.1425__10.7522__10.1.1.95.4422__10.519__10.16429__10.13292__10.30473__10.17420__10.1.1.564.9540&rep=rep1&type=pdf__10.117713623__10.10.1016__10.101.6__10.1.1.133.4454__10.14655__10.13246__10.7363__10.105l__10.24.2495__10.1011__10.11763__10.22060__10.137__10.309223__10.14042__10.11813__10.180__10.5169__10.10038__10.11821__10.1393__10.007__10.3019__10.103__10.6052__10.1605__10.1082__10.2017__10.101317__10.3978__10.1.1.515.3271__10.3696__10.16035__10.107198060__10.1688__10.0022__10.073__10.155__10.7497__10.7537__10.1132__10.2312__10.12759__10.3963__10.1543__10.11819__10.17597__10.1422__10.16285__10.17188__10.7501__10.7536__10.­1177__10.18461__10.21371__10.10888__10.6084__10.2277__10.6102__10.1999__10.21227__10.14650__10.15918__10.14027__10.10137__10.3321__10.1363__10.1300__10.17569__10.2741__10.5863__10.10.1093__10.7506__10.11575__10.1170__10.1.1.575.2276&rep=rep1&type=pdf__10.2012__10.5061__10.16182__10.34680__10.037__10.10150__10.1.1.188.4745__10.6038__10.1165__10.1.1.872.1490&rep=rep1&type=pdf__10.13417__10.5749__10.3899__10.7567__10.100700223__10.16555__10.11768__10.2797__10.1785__10.1024__10.2351__10.101111__10.2016__10.3787__10.1003__10.1001371__10.12062__10.5441__10.10.1080__10.11225__10.102__10.2037__10.s1097__10.080__10.22059__10.17__10.11503__10.22064__10.3863__10.14188__10.8080__10.16373__10.13320__10.7499__10.1320__10.13386__10.17423__10.11371__10.386__10.3965__10.16669__10.22115__10.2015__10.151544__10.7416__10.7621__10.17418__10.5073__10.29219__10.13102__10.15368__10.7751__10.7321__10.18869__10.28891__10.1.1.164.8800__10.13722__10.14180__10.5439__10.7606__10.2412__10.13249__10.51.14__10.1.1.177.8850.__10.127__10.13802__10.01__10.1000__10.11477__10.13731__10.6092__10.428__10.2838__10.18462__10.14181__10.1004__10.12122__10.078__10.11810__10.1010__10.108__10.13334__10.2785__10.3co2__10.10164__10.11346__10.11864__10.0116__10.3181__10.16085__10.7500__10.4462__10.11007__10.6041__10.22075__10.3205__10.13343__10.5681__10.13205__10.13438__10.12028__10.23750__10.101016__10.26322__10.__10.7375__10.2900__10.13209__10.4404__10.1009__10.13275__10.27777__10.1.1.16.9466__10.0.4.14__10.16187__10.17179__10.15951__10.25318__10.25921__10.16265__10.22043__10.1077__10.12026__10.1.1.24.3759__10.10.1111__10.22094__10.11771__10.11694__10.2894__10.111l__10.22108__10.3203__10.3970__10.17169__10.10__10.13374__10.0.4.85__10.7668__10.19254__10.3909__10.7661__10.1903__10.13982__10.26153__10.3554__10.7677__10.3968__10.1317__10.001__10.5464__10.171__10.2945__10.1423__10.208535__10.02__10.1014__10.112__10.21334__10.19462__10.11909__10.10021__10.125__10.427__10.11918__10.2162__10.10377__10.5518__10.4471__10.26402__10..1093__10.1.1.463.1922__10.12905__10.1997__10.11777__10.3305__10.22036__10.20710__10.10111__10.25561__10.7544__10.22111__10.28092__10.11829__10.13415__10.3262__10.7538__10.13776__10.19744__10.7519__10.2002__10.10161__10.46.1__10.19721__10.5684__10.10.1039__10.11766__10.182__10.774__10.34962__10.11498__10.13376__10.7652__10.13243__10.1.1.140.3930__10.1028__10.11073__10.13313__10.1052__10.10633__10.24688__10.1015__10.17392__10.07__10.013__10.1.1.456.1022&rep=rep1&type=pdf__10.11743__10.17632__10.590__10.15937__10.11835__10.21350__10.1.1.193.3232__10.7490__10.1062__10.13138__10.121016__10.379l__10.10072__10.11__10.14601__10.13155__10.13251__10.1421__10.1482__10.25897__10.10299__10.19432__10.278__10.3785__10.11709__10.1708__10.11177__10.7508__10.1691__10.1.1.4.538__10.10308__10.11234__10.0003__10.22004__10.7488__10.61-7590__10.13949__10.10.80__10.3864__10.13199__10.101610260__10.339__10.11946__10.25364__10.61371__10.16811__10.7527__10.19510__10.1463__10.16258__10.34867__10.2286__10.14085__10.2799__10.1031__10.13381__10.29__10.11975__10.1020__10.1030__10.1.1.113.5565__10.5523__10.10461__10.086__10.2390__10.12111__10.0007__10.14880__10.5840__10.15199__10.7080__10.17002__10.2197__10.1.1.509.4258__10.26174__10.10631__10.15133__10.10371__10.11882__10.13430__10.100__10.1022__10.0180__10.475__10.1.1.26.1644__10.1795__10.2004__10.12114__10.0.4.87__10.1701__10.13918__10.4408__10.12826__10.15127__10.334__10.10088__10.37__10.13128__10.11833__10.2450__10.4399__10.2759__10.11847__10.13198__10.1424__10.63019__10.00110__10.1.1.113.699__10.1.1.388.1603__10.13759__10.1710__10.23812__10.1285__10.5525__10.13538__10.115__10.13272__10.14284__10.2436__10.109__10.18452__10.10138__10.3786__10.10002__10.23804__10.11086__10.2834__10.3385__10.16619__10.12011__10.11707__10.11669__10.23743__10.11016__10.110__10.11077__10.22074__10.4486__10.14279__10.12840__10.1.1.585.490&rep=rep1&type=pdf__10.1.1.63.7316__10.10970__10.11817__10.1060__10.1855__10.186__10.12ww87__10.11939__10.22722__10.1.1.53.9991__10.4418__10.2005__10.10.16__10.3868__10.13878__10.1711__10.11653__10.13391__10.222975__10.03390__10.11406__10.11728__10.2875__10.116__10.196__10.1.1.302.6695__10.3972__10.1409__10.11862__10.1817__10.1483__10.1702__10.3980__10.13700__10.108014427__10.13335__10.21934__10.337__10.13545__10.l37l__10.12016__10.14075__10.221__10.7303__10.7399__10.22055__10.1777__10.12116__10.91371__10.14288__10.7679__10.3779__10.138__10.13229__10.13288__10.11900__10.5285__10.10882__10.12118__10.1.1177__10.0.43.105__10.1.1.248.9665__10.16590__10.16190__10.1.1.376.4361__10.1236__10.16129__10.2240__10.338.dmlcz__10.22__10.101080__10.32301__10.101614__10.1.1.449.5268&amp;rep=rep1&amp;type=pdf__10.14088__10.3240__10.6610__10.19746__10.0010__10.11755__10.13569__10.19596__10.13201__10.3873__10.​1104__10.0267__10.2l47__10.3877__10.521__10.11924__10.19540__10.9685__10.1.1.231.9328__10.2008__10.7693__10.447__10.152__10.1093011__10.2411__10.16381__10.24514__10.16835__10.4121__10.11873__10.7640__10.11183__10.1012__10.​1105__10.16506__10.7673__10.13224__10.13133__10.13560__10.22038__10.16462__10.2443__10.41371__10.10.1007__10.23696__10.10.3897__10.3880__10.20592__10.14952__10.10070__10.10.1038__10.20392__10.13239__10.16089__10.6133__10.7699__10.1916__10.11353__10.190__10.10.4103__10.2382__10.14658__10.10.1159__10.13738__10.3-969__10.13195__10.1.1.149.5833__10.11870__10.114__10.1.1.411.7465__10.18940__10.2790__10.105__10.16249__10.10.1186__10.11816__10.3234__10.371__10.24423__10.0177__10.2010__10.16509__10.101155__10.19476__10.963.4801.4525.633__10.1125__10.22127__10.7523__10.221751__10.20382__10.162-41__10.11911__10.13684__10.3771__10.1.16__10.3967__10.2428__10.10.1177__10.10.14440__10.23683__10.126__10.114.__10.4604__10.11092009__10.10106__10.16030__10.2427__10.11233__10.14465__10.1604__10.7521__10.13827__10.16719__10.1.1.458.7510&rep=rep1&type=pdf__10.13227__10.17892__10.11689__10.16000__10.02.1016__10.16058__10.0.4.56__10.10.1162__10.16380__10.530__10.13580__10.11861__10.1692__10.10116__10.4008__10.16664__10.11105__10.1431__10.1447__10.15468__10.21.998__10.14891__10.104__10.3882__10.1.1.115.597__10.11834__10.13371__10.17185__10.3931__10.19734__10.org__10.01080__10.13197__10.119.1973__10.13204__10.26342__10.10.4314__10.21955__10.1226__10.109700125__10.13023__10.1168__10.2767__10.11586__10.2372__10.2007__10.1178__10.111186__10.119__10.23818__10.25756__10.026327117__10.2818__10.1707__10.,1001__10.10180__10.18984__10.11484__10.25739__10.2047__10.01029__10.1449__10.1.1.102.4646__10.7685__10.1932__10.16075__10.187__10.22048__10.11675__10.23007__10.2861__10.1405__10.102.1002__10.25750__10.7964__10.13289__10.22008__10.2021__10.15135__10.10162011__10.10189__10.17617__10.2383__10.11903__10.13849__10.2370__10.1.1.51.3917__10.15886__10.11038__10.175__10.7366__10.19187__10.1112__10.3865__10.1340__10.207__10.1.1.620.8239__10.22124__10.3773__10.10.1515__10.11978__10.3881__10.19613__10.12006__10.10057__10.103389__10.16581__10.1.1.140.417__10.11841__10.237603004__10.13137__10.32032__10.01610__10.1__10.6120__10.1712__10.4470__10.1574__10.71371__10.31.09__10.1.1.163.488__10.16032__10.159__10.3778__10.17410__10.247811696__10.32023__10.1.210__10.13225__10.13866__10.10166__10.10165__10.1007978__10.3430__10.16803__10.1992__10.1156__10.4419__10.41002__10.17886__10.11799__10.10136__10.109.3__10.16536__10.11088__10.11.77__10.18420__10.14077__10.0270__10.13247__10.11919__10.22069__10.22104__10.11588__10.0.86.185__10.16819__10.10.1126__10.19335__10.3929__10.101.neuroimage.2013.07.057__10.1072__10.1153__10.14102__10.18__10.15488__10.1.1.219.5390__10.16076__10.13287__10.7376__10.11860__10.16554__10.10l6__10.25646__10.3565__10.7511__10.7507__10.16538__10.5167__10.11772__10.41100__10.7081111__10.16832__10.14277__10.26438__10.3981__10.13301__10.5831155__10.21__10.113__10.775463156__10.11481__10.3781__10.19626__10.1.1.91.2433__10.789__10.22044__10.19011__10.10.38__10.771__10.​1152__10.10193__10.10001__10.22102__10.1.1.104.6570__10.14158__10.15502724__10.19700__10.13338__10.2145__10.2254__10.132081__10.193__10.20120820__10.11974__10.46061__10.1963__10.6165__10.7335__10.16245__10.20723__10.5722__10.3698__10.43121__10.2691__10.03__10.4476__10.25584__10.10.4155__10.13039__10.16603__10.1.1.541.5094__10.1847__10.63__10.12073__10.2290__10.16690__10.00-6931(2012)s0-0053-04__10.13277__10.19562__10.22067__10.093__10.11693__10.11842__10.10016__10.13332__10.11345__10.102310099__10.22122__10.11994__10.1173__10.1040__10.6057__10.7389__10.1025__10.12074__10.7__10.10037__10.2788__10.1882__10.13870__10.1.1.108.2650__10.2791__10.14006__10.120__10.7623__10.5440__10.13099__10.1.1.142.9951__10.117709567__10.3265__10.149__10.16476__10.2376__10.11214__10.0127__10.10160014__10.11.46__10.emerg__10.11832__10.118__10.2897__10.12119__10.51039__10.10261026__10.4362__10.7417__10.19321__10.1.80__10.1.1.81.2738__10.15912__10.2772__10.101`6__10.12005__10.7683__10.2371__10.16059__10.158022__10.16450__10.1.1.463.8677__10.01186__10.419__10.13462__10.13__10.11404__10.22092__10.2832__10.13744__10.11686__10.5283__10.1411__10.7802__10.14120__10.1.1.229.3233__10.7540__10.1403__10.000370281__10.104161__10.11991__10.3876__10.787__10.15090__10.103354__10.1058__10.10071__10.231__10.22054__10.21953__10.4225__10.2001__10.1938__10.2833__10.003__10.2014__10.2288__10.4601__10.1050__10.101610000__10.11.55__10.4233__10.13703__10.1.1.327.1588__10.14456__10.1021009__10.12388__10.11.1177__10.1.1.25.4339__10.12686__10.39-69__10.13717__10.1171__10.353__10.1.1.165.5741__10.6056__10.10177__10.16334__10.1.1.161.7380__10.11037__10.6047__10.1.1.251.8469__10.2018__10.11099__10.102e1__10.16409__10.20026711__10.3290__10.130__10.001136__10.0.1016__10.2128__10.3032__10.321__10.13989__10.1.1.118.1736__10.7502__10.253__10.11405__10.13228__10.18727__10.11063__10.1.1.591.3849__10.1.1.20.3631__10.10800__10.02810__10.16801__10.108026079__10.16420__10.14033__10.1.1.369.1127__10.11676__10.1.1.633.6586__10.18418__10.1.1.148.7619__10.14080__10.26310__10.7480__10.11956__10.01371__10.1.1.1008.4323__10.16438__10.1064__10.13730__10.1.1.27.9156__10.22088__10.13422__10.16082__10.18112__10.1.1.214.9232__10.1441__10.1.1.566.3835__10.19572__10.1995__10.11959__10.58810__10.1.1.124.7577__10.7505__10.22114__10.101s6__10.19633__10.12.146__10.118610__10.16237__10.3966__10.1.1.306.4385__10.14065__10.7687__10.5278__10.11883__10.038__10.15011__10.13484__10.1.1.57.2213__10.16577__10.1o16__10.1181__10.11840__10.183__10.13746__10.34711__10.111371__10.18454__10.1.1.133.4884__10.1.1.388.23__10.309__10.13925__10.13465__10.01524__10.20722__10.1.1.13.9560__10.93__10.11784__10.1.1.110.418__10.7688__10.1414__10.2155__10.554__10.152911261__10.4347__10.18745__10.11367__10.13595__10.18943__10.2289__10.406__10.20368__10.1.1.457.7213__10.16407__10.19229__10.0096__10.13679__10.18738__10.1.1.460.2632&rep=rep1&type=pdf__10.573__10.11933__10.7379__10.13485__10.101037__10.2796__10.3772__10.1.1.163.6787__10.1.1.169.6772__10.14123__10..1126__10.16037__10.109507387__10.1141__10.13461__10.13347__10.‏1007__10.13558__10.7398__10.13097__10.25__10.13406__10.613__10.0134__10.107315033__10.11363__10.224__10.19199__10.11972__10.12828__10.19672__10.19480__10.103916901__10.7937__10.16355__10.12082__10.7666__10.1.1.505.9853__10.194__10.1.1__10.11171__10.4458__10.5067__10.10881742__10.13377__10.22021__10.110.1002__10.16232__10.58__10.04__10.115210200__10.6073__10.14943__10.16385__10.4814__10.18442__10.7352__10.4453__10.26102__10.11631__10.379__10.17026__10.11877__10.197__10.340__10.3000__10.374__10.3309__10.1117112__10.2397__10.0004__10.11843__10.25507__10.2855__10.338910__10.10.5194__10.10.1073__10.2080__10.11238__10.11582__10.1.1.232.1510__10.10.07__10.108811742__10.316__10.103390__10.11759__10.11947__10.1990__10.22068__10.18557__10.16511__10.1546__10.19674__10.4523__10.6125__10.4042__10.21981__10.1.1386__10.1833__10.7524__10.50061__10.1.1.87.1244__10.3448__10.111.weng.12204__10.3.003.00__10.1700__10.1.1.152.5864__10.16638__10.11247__10.1.1.348.530&amp;rep=rep1&amp;type=pdf__10.1-2093__10.10.17116__10.174__10.16661__10.10.37__10.10462__10.18910__10.16468__10.12066__10.13826__10.25849__10.1.1.16.5156__10.4436__10.16606__10.1779__10.13253__10.57772__10.0.3.248__10.10850__10.108000173__10.16013__10.2776__10.10.3727__10.17882__10.151__10.18960__10.9567__10.11654__10.103856__10.1.1.31.7872__10.8788__10.12902__10.892-6638__10.1.1.88.2825__10.1.1.111.5468__10.(1093)__10.1.1.19.9400__10.10077__10.12063390__10.0138__10.517__10.1268__10.1401__10.1.1.32.7692.__10.746__10.19656__10.1.1.122.3308__10.13671__10.11280__10.1391__10.750__10.11552012__10.13821__10.21268__10.101371__10.10006__10..89__10.1.1.626.4386__10.1.1.641.4757__10.2847__10.12821__10.7650__10.11779__10.10071978__10.15361__10.19632__10.5517__10.24884__10.23751__10.111007__10.108616695__10.13125__10.100700008__10.1.1.120.386__10.1781__10.15784__10.14616__10.103600723__10.14117__10.151515__10.1.7848__10.11954__10.110800400__10.22052__10.336839__10.110.1029__10.19737__10.10381__10.5065__10.22077__10.19349__10.10.1101__10.104.6__10.11201__10.16295__10.1.1.15.4052__10.10010__10.172381__10.13979__10.22090__10.10080__10.6688__10.6515__10.406.1__10.1.1.33.507__10.14055__10.16461__10.2417__10.13283__10.0.4.153__10.1.1.131.9401__10.16361__10.369__10.11915__10.13350__10.8632__10.006__10.13328__10.13880__10.15055__10.24414__10.13859__10.111.__10.2839__10.9876__10.18757__10.25391__10.1.1.222.3324__10.16490__10.1.1.472.3927__10.021__10.4712__10.14062__10.13605__10.41172__10.11798__10.110l__10.17912__10.1.1.56.3664__10.5904__10.11993__10.16816__10.1221__10.23811__10.1545__10.18148__10.20651__10.55__10.100f__10.16257__10.13748__10.3303__10.117710190__10.1.1.467.960510.1016__10.2026__10.1607__10.1.1.475.4593&rep=rep1&type=pdf__10.15131__10.114219789__10.25791__10.13294__10.17377__10.13240__10.20380__10.1035__10.03389__10.1878__10.13531__10.101615000__10.l007__10.05772__10.22099__10.7275__10.2769__10.23765__10.1.1.51.2381__10.1.1.72.4580__10.0964__10.10125__10.5286__10.11937__10.16.1-10.16.16__10.11366__10.14067__10.11887__10.13984__10.11729__10.6135__10.17871__10.1.1.158.9316__10.6051__10.15151__10.1.1.121.421__10.13196__10.0.6.6__10.1.1.2.3395__10.10076__10.0001__10.2865__10.98__10.1.1.148.6231__10.12030__10.6446__10.11885__10.892__10.14989__10.514__10.4119__10.230-7__10.110.2112__10.0128210__10.5591__10.46161__10.101075__10.169.14__10.5078__10.4226__10.13443__10.1.1.700.1924__10.102901237__10.3241__10.19193__10.1325__10.3254__10.10.39__10.12068__10.1551__10.1450__10.12162__10.978.087170__10.12056__10.6329__10.15933__10.1388__10.16526__10.81371__10.1435__10.14621__10.0077__10.302__10.110818363__10.3423__10.19368__10.9830__10.13154__10.17605__10.4452__10.210__10.19808__10.11483__10.9323__10.1-16__10.13546__10.1394__10.0303__10.11555__10.17630__10.18156__10.11362__10.1.1.41.8118__10.55.39__10.12895__10.107440838__10.11429__10.11213__10.4430__10.1.1.47.9346&rep=rep1&type=pdf__10.117707419__10.114.pz.112.006171__10.1.1.726.2567__10.1.1.961.4852&rep=rep1&type=pdf__10.21945__10.145__10.1m__10.37002__10.19571__10.11186__10.391__10.18742__10.1.1.16.7462__10.10391__10.1.1.35.7574__10.14921__10.13810__10.19383__10.13507__10.4461__10.10.1002__10.18716__10.41038__10.481__10.10441192__10.13385__10.77.17__10.,__10.2093__10.12841__10.11951__10.16909__10.10801__10.3091__10.1.1.113.9806__10.096697604__10.18999__10.13502__10.11532__10.31807__10.1.1.49.5049__10.18163__10.10163__10.13271__10.25810__10.10337__10.11362006__10.1.1.6.2447__10.10.1183__10.12138__10.11554__10.127274__10.1818__10.12849__10.24384__10.10903__10.1837__10.1.1.52.263__10.13840__10.16552__10.6442849__10.1.1.101.1046__10.5256__10.10021098__10.13210__10.1.1.104.2324__10.09.01__10.25643__10.13360__10.19386__10.8466__10.101675__10.13733__10.11895__10.1.1.23.7081__10.1.1.66.9838__10.4432__10.1.1.359.9373__10.16489__10.13448__10.1854__10.l016__10.16553__10.15476__10.7638__10.19682__10.10809__10.75__10.2022__10.1.1.20.2737__10.3243__10.13457__10.113451995__10.11717__10.1429__10.10808__10.1184__10.1917__10.13598__10.12193__10.111477__10.13869__10.230711302__10.6__10.11981__10.485__10.6253__10.1-1909__10.16829__10.13474__10.1.1.163.733__10.1337__10.7384__10.1413__10.16865__10.102195027__10.11929__10.1.1.110.9154__10.16872__10.10807__10.115200503__10.5159__10.1.1.403.4116&rep=rep1&type=pdf__10.183.54__10.2800__10.13571__10.85871__10.1.1.576.8469__10.11988__10.12310__10.11898__10.100.7__10.110800907__10.13777__10.18417__10.53334__10.14182__10.13930__10.089__10.11369__10.11093__10.1.1.1.6356__10.12189__10.10127__10.0.86.214__10.367__10.11509__10.1437__10.111.j.1467-8624.2010.01564.x__10.11713__10.13117__10.1.1.117.1253__10.16533__10.11943__10.19455__10.2094__10.10.131111__10.5445__10.2765__10.7631__10.135__10.2038__10.16452__10.11029__10.54__10.19523__10.57.03__10.12770__10.16250__10.22103__10.11.36__10.13801__10.13619__10.471155__10.1.1.496.2310__10.19289__10.716__10.10997__10.15949__10.11357__10.339010__10.19595__10.16213__10.11475__10.13451__10.16256__10.18988__10.11849__10.2356__10.1.1.198.2916__10.13959__10.i002__10.13475__10.16583__10.1408__10.3269__10.3465__10.30476__10.16376__10.10.3791__10.2863__10.136__10.317__10.16152__10.16441__10.1.1.612.3502&rep=rep1&type=pdf__10.0137__10.154__10.0388__10.109511850__10.1314__10.2430__10.22120__10.1.1.158.5982__10.10385__10.3193__10.(1515)__10.1706__10.7892__10.0002__10.10160022__10.19720__10.13544__10.12107__10.33__10.1018637__10.1594__10.1470__10.00288330__10.375__10.17190__10.1.1.67.8436__10.142-21__10.13822__10.1.1.106.8192__10.26326__10.1.1.51.5026__10.1.1.35.3396__10.1766__10.4558__10.1.1.552.9050__10.15890__10.139__10.108011367__10.1.1.9.8988__10.1336__10.16535__10.7518__10.109701__10.11021__10.92-2172__10.1481__10.15150__10.108320100__10.10-93__10.10880__10.16493__10.13472__10.1o02__10.39228__10.1.1093__10.1.1.109.4049__10.1.1.64.1993__10.10107__10.12086__10.69.1103__10.11336__10.3275__10.5157__10.503__10.13390__10.101515__10.18451__10.14036__10.19694__10.1.1007__10.30492__10.13695__10.12916__10.100219961__10.10.3732__10.16210__10.16239__10.335__10.201__10.6918__10.1.1.419.2692__10.19298__10.16658__10.1.1.23__10.320__10.11912__10.1.1.100.2579__10.11-77__10.11952__10.1774__10.10390__10.13203__10.10.3102__10.3278__10.19255__10.1.1.158.4807__10.1612__10.6180__10.7513__10.23889__10.1.1.92.3163__10.1.1.486.8295__10.1703__10.2444__10.0.22.214__10.431__10.323__10.679__10.1.1.73.3435__10.11257__10.0033__10.2095__10.18926__10.61__10.?1152__10.2813__10.0173__10.16318__10.1402__10.1.1.76.6859__10.11932__10.12108__10.274__10.15480__10.0.21.89__10.100708111__10.13331__10.11770__10.2273__10.1.1.530.4789__10.​1007__10.1819__10.11820__10.16421__10.110111__10.4422__10.13774__10.101643__10.10098__10.16149__10.161__10.21714__10.39231__10.10092__10.18141__10.1.1.39.2847__10.7664__10.1.1.52.9880__10.10.1242__10.2011__10.11465__10.1695__10.10.98__10.254__10.11964__10.179__10.1886__10.ol1080__10.97__10.1.1002__10.11720__10.8778__10.18131__10.20363__10.7475__10.10029__10.1.1.42.2076__10.39__10.10.2167__10.01016__10.17590__10.15478__10.13723__10.7605__10.1.1.660.8949__10.19579__10.108.0__10.6352__10.7619__10.2255__10.?1186__10.2379__10.389__10.11992__10.1in__10.17.14–10.17.29__10.3589__10.12007__10.1.1.39.4193__10.12873__10.584__10.30767__10.1444__10.50123__10.17895__10.13763__10.17035__10.2823__10.173__10.?1007__10.16155__10.16868__10.107557__10.3784__10.15129__10.101j__10.77771__10.103700278__10.66__10.3023__10.7282__10.6048__10.20396__10.13592__10.13304__10.7702__10.12013__10.13712__10.11.36|ber-2012–007603__10.12060__10.11897__10.2003__10.16291__10.-1146__10.8637__10.1.1.434.6744__10.7007__10.3975__10.1.1.50.7349__10.7373__10.4.15188-93.10.1073__10.16031__10.0012__10.42721__10.1133__10.3017__10.5282__10.10.1037__10.12758__10.1.1.120.5151__10.18419__10.181__10.10156__10.16378__10.11.28945__10.15931__10.13437__10.16368__10.3010__10.7644__10.1.1128__10.0086__10.0009__10.2423__10.11748__10.21944__10.1.1.49.9260__10.16439__10.10307__10.10651__10.20818__10.11712__10.17467__10.101787__10.1.1.64.1095__10.12835__10.4455__10.16108__10.3542__10.22126__10.7654__10.1.1.140.6925__10.022__10.13336__10.04.030__10.7489__10.100223795__10.1311__10.10432__10.19009__10.6969__10.1714__10.0193__10.1.1.683.7885__10.13323__10.7388__10.11869__10.25522__10.2921__10.0117__10.11655__10.312__10.12008__10.11189__10.10666__10.6040__10.1.1.139.5852__10.10.1098__10.5524__10.009__10.11492__10.l038__10.19713__10.25596__10.10931__10.4.4049__10.1.1.544.4123&rep=rep1&type=pdf__10.142__10.1415__10.13584__10.10933__10.101511000__10.01159__10.4410110__10.147__10.410.4082__10.16367__10.3782__10.13248__10.13820__10.record__10.01089__10.11866__10.108001488__10.19650__10.1-38__10.131471__10.1.1.87.9485__10.1275__10.16286__10.247__10.16086__10.12069__10.32147__10.7393__10.14177__10.1.1.693.9961&rep=rep1&type=pdf__10.2121__10.1.1.555.8692__10.8978__10.11968__10.15983__10.1.1.148.3767__10.9172__10.6310__10.16260__10.7383__10.1.1.30.4999__10.13969__10.101600816__10.jmsse__10.16169__10.10.171__10.12021__10.16418__10.172006__10.11931__10.13550__10.30486__10.13130__10.19344__10.1.1.129.8439__10.1.1.167.192__10.377__10.3783__10.15985__10.423__10.12078__10.10937__10.10407__10.7345__10.16251__10.15940__10.13452__10.86__10.16360__10.1.1.36.9077__10.189__10.16073__10.11890__10.1473__10.3761__10.0414__10.1862__10.19460__10.0035__10.15106__10.46532__10.11362010__10.l177__10.10074__10.13394__10.18981__10.1047__10.16556__10.12850__10.193389__10.114665__10.10160__10.23744__10.53791__10.16424__10.2313__10.1442__10.12917__10.1.1.130.3207__10.13481__10.1.1.370.4676__10.14171__10.10-02-01__10.58552__10.6186__10.1.1.28.934__10.1.1.90.8131__10.7338__10.11337__10.13865__10.11930__10.14661__10.17600__10.1.177__10.1.1.408.4779__10.9699__10.5446__10.117710021__10.400__10.23.7__10.10121__10.1.1.361.7418__10.11501__10.1.1186__10.25819__10.10.1063__10.13132__10.011.02__10.1611__10.13306__10.0.5.241__10.10.11646__10.2259__10.16337__10.2541__10.constructivist.info__10.105530__10.3519__10.12885__10.1229__10.16183__10.107.171__10.4402__10.15935__10.1048__10.11902__10.1865__10.10233__10.19316__10.10555__10.39415__10.4230__10.11928__10.1809__10.39445__10.109703283__10.2315__10.100016__10.1432__10.11781__10.13702__10.434__10.1-11.10.33__10.1.1.35.425__10.110913938__10.l080__10.1032__10.1.1.575.1493&rep=rep1&type=pdf__10.510.7717__10.10075__10.10099__10.16785__10.101093__10.46__10.1.1.85.3860__10.109508750__10.11778__10.00873__10.13941__10.11182__10.13305__10.9101__10.111311209__10.1.1.87.9455__10.10.3390__10.13431__10.11176__10.1.12692__10.10-37__10.10.1046__10.248__10.3578__10.`080__10.j.patcog.2007.04.003__10.59581__10.1.1.122.5636__10.14093__10.5880__10.5075__10.13491__10.108001621__10.1.1.222.7925__10.3971__10.23640__10.144__10.1951__10.26181__10.13402__10.13419__10.1.1.26.4391__10.27__10.13444__10.323316092__10.19365__10.14866__10.1757__10.16016__10.1.1.199.8913&rep=rep1&type=pdf__10.11823__10.1069__10.22002__10.1937__10.13618__10.12751__10.15502__10.101098__10.1.1.108.5210__10.12196__10.1.1.178.5596__10.1980__10.13961__10.13543__10.7643__10.1610__10.18150__10.1.1.145.4315__10.4789__10.1328__10.7504__10.16843__10.4224__10.2238__10.1.1.31.5479__10.7694__10.10498__10.19591__10.117702654__10.11464__10.117710886__10.12.1016__10.11419__10.101670788__10.1722__10.2.2304__10.1.1.150.1033__10.17433__10.3249__10.1014430__10.0151371__10.1922__10.3185__10.11723__10.2261__10.13136__10.20381__10.1800__10.32113__10.15057__10.0099__10.11467__10.19.723__10.25808__10.1.1.477.191__10.1426__10.13315__10.25728__10.13582__10.25353__10.13342__10.2824__10.962__10.6083__10.4-70__10.6136__10.11963__10.101007__10.1.1.193.242__10.1.1.46.3190__10.2775__10.101600856__10.10126__10.1.1.45.4952__10.26168__10.110910__10.13973__10.4424__10.1.1.44.6770__10.13348__10.54651__10.15934__10.i007__10.1906__10.27533__10.13691__10.15150011__10.19007__10.542__10.11480__10.1.1.430.6443__10.14825__10.2073__10.1.1.32.7692__10.1958__10.12047__10.11542__10.396__10.1.1.167.4896__10..1074__10.1.1.455.7685__10.11552014__10.108011462__10.1.1.31.9589__10.12024__10.1334__10.,2514__10.6554__10.8451038__10.10347__10.14670__10.110.1117__10.1.38__10.7525__10.11656__10.10.63__10.13364__10.24381__10.78605394__10.19322__10.12113__10.7171155__10.100329610__10.0194__10.1.1.362.4961__10.1.1.133.9456\&amp;rep=rep1\&amp;type=pdf__10.10.3389__10.178__10.6127__10.3404__10.19405__10.7420__10.10168978__10.77__10.19411__10.2829__10.1.1.65.2404__10.7797__10.26099__10.118200293__10.1.1.46.3286__10.1.1.525.4710__10.100170035__10.153__10.00128__10.s1098__10.7298__10.13460__10.2127__10.13429__10.11286__10.10.4187__10.24349__10.15932__10.7096__10.0011__10.1.1.177.8850__10.6050__10.2446__10.26209__10.00627__10.2250__10.24517__10.l063__10.13220__10.13838__10.117710944__10.11416__10.26593__10.1.1111__10.11361__10.13471__10.1.1.298.2957__10.35670__10.3459550__10.1.1.61.5096__10.10202__10.4628__10.13786__10.16824__10.2013__10.314__10.1c080__10.0.69.99__10.q080__10.10907__10.10.1190__10.512__10.110.1148__10.13344__10.101670321__10.20837__10.111112966__10.19356__10.10168__10.7483__10.13009__10.11111111__10.0189__10.1.1.77.8501__10.34624__10.11908__10.16200__10.39845__10.3420__10.13885__10.11.1145__10.17028__10.13286__10.13325__10.1.1.193.7730__10.11470__10.11846__10.13928__10.7487__10.128910917__10.1.1.30.7938__10.13226__10.19477__10.11990__10.1548__10.54982__10.22110__10.15961__10.13427__10.016.j.camwa.2010.08.056__10.3932__10.19663__10.17635__10.22078__10.11659__10.21957__10.495__10.15__10.24857__10.10044__10.1.1.469.4895&rep=rep1&type=pdf2013__10.1.1.32.5076__10.18974__10.6141__10.23738__10.084__10.755-__10.15916__10.1816__10.2802__10.7672__10.412__10.114607101__10.130476__10.0.1063__10.13718__10.211__10.39391__10.19336__10.10344__10.13675__10.5.5194__10.039__10.1016013__10.(3201)__10.10o7__10.501__10.17615__10.18.1143__10.1278__10.17888__10.10.1055__10.1.1.162.2708__10.101177__10.11351__10.25373__10.13601__10.16667__10.13637__10.06.1016__10.83__10.11721__10.1.1.97.1130__10.1.1.157.4578__10.21256__10.26077__10.16562__10.19287__10.111-1__10.7617__10.111511__10.13686__10.12753__10.163__10.284__10.1.1.509.149__10.10.2141__10.25.2511__10.11787__10.1figure002__10.13466__10.12754__10.18941__10.16520__10.21942__10.0112__10.101063__10.110811077__10.15167__10.5074__10.84765__10.1374__10.16081__10.4229__10.1.1.389.5761__10.10993__10.19204__10.11852__10.34020__10.15308__10.1640__10.14476__10.3319__10.11203__10.26349__10.47836__10.(3109)__10.15845__10.4437__10.22109__10.22385__10.12987__10.1.1.137.2995__10.12863__10.1743__10.108009585__10.10.3354__10.1.1.149.6912__10.25586__10.1.1.49.2751__10.14982__10.1.1.93.1675__10.)1016__10.10.18637__10.11440__10.1.1.16.1720__10.24.150__10.24454__10.0250__10.14166__10.25680__10.11089__10.145529__10.348__10.13213__10.1.1.552.3878&rep=rep1&type=pdf__10.12104__10.9669__10.13329__10.3250__10.3663__10.16604__10.1195__10.114257__10.10213390__10.10406__10.27658__10.12915__10.11901__10.1.1.136.7356&rep=rep1&type=pdf(4.07.2016__10.1.1.208.3078__10.1832__10.107.180.177__10.14101__10.13291__10.18720__10.339012030__10.13699__10.1.1.27.2952__10.782__10.1233__10.13876__10.109700005__10.22072__10.14597__10.25928__10.17458__10.1.1.71.1980__10.107199500__10.1478__10.14676__10.11916__10.151542__10.17717__10.1.1.16.5653__10.1.1.514.4132__10.402__10.10087__10.593496__10.1.1.41.4809__10.10938__10.17.238__10.9__10.-1352__10.10-80__10.1824__10.13242__10.16781__10.13208__10.12120__10.14116__10.3.89__10.110817504__10.1.1.32.4122__10.13779__10.1.1.124.6014__10.0102__10.7370__10.06700__10.10.1593__10.21423__10.12085__10.15146__10.2027__10.13956__10.1.1.990.2119&rep=rep1&type=pdf__10.1.1.132.8277__10.15909__10.123456789__10.01098__10.12014__10.106371__10.1.1.156.2510__10.11758__10.198__10.25907__10.11191__10.10803__10.11775__10.17376__10.2928__10.44127814__10.10-02__10.19272__10.11279__10.1.1.329.3633__10.101039__10.19392__10.20388__10.13704__10.146__10.111.7__10.2923__10.15165__10.7193__10.14715__10.128914089__10.10105__10.1716__10.10.1006__10.10221__10.39910__10.19150__10.16652__10.1.1.94.2242__10.10157__10.1.37__10.15953__10.17176__10.19604__10.115900035__10.16038__10.186332__10.026__10.1.21__10.110.1186__10.25413__10.19225__10.117710596__10.7893__10.1.1.15.9362__10.11011__10.01093__10.14148__10.1.1.676.5625__10.00000__10.14183__10.16528__10.34706__10.1.1.548.4966&rep=rep1&type=pdf__10.1808__10.108010683__10.24787__10.15128__10.40409__10.101642__10.17175__10.10.1097__10.2932__10.3734__10.21241__10.14108__10.1286__10.17638__10.13851__10.25676__10.11236__10.1.1.463.90__10.1.1.371.5038__10.12124__10.7787__10.430__10.188__10.15957__10.1.1.32.7925__10.1.1.665.8293__10.108000926__10.6049__10.172.38__10.1.1.121.8992__10.1.1.49.4735__10.108010256__10.390__10.1021276__10.1750__10.1.1.474.1366__10.84__10.11412__10.13266__10.1.1.49.1869__10.53__10.111177__10.llll__10.14136__10.128__10.15068__10.19407__10.l093__10.15928__10.13837__10.11461__10.16078__10.13881__10.10,16__10.1567__10.1.1.14.6358__10.101038__10.16050__10.1016663__10.12899__10.13830__10.0052__10.7514__10.1.1.8.3257__10.1452__10.15942__10.137journal.pone0014075__10.105612053__10.1988__10.16244__10.13495__10.11699__10.11-46__10.1.1.141.6470__10.36__10.03-10743(2011)08-0023-03__10.10373__10.13373__10.310__10.17868__10.16317__10.22771__10.aile.revues.org__10.77171__10.10171__10.1.1.86.7139__10.1s038__10.7539__10.2236__10.1()()2__10.0709__10.1.1.9.8736__10.3287__10.1.1.359.3125__10.25937__10.1.1.865.2349__10.1.1.198.3680__10.34808__10.11255__10.14026__10.12080__10.7289__10.23681__10.15896__10.11.1111__10.10.1021__10.107305080__10.105.4__10.19707__10.1.1.36.8032__10.1687__10.20593__10.23337__10.13307__10.13758__10.01007__10.518010__10.1872__10.112610868__10.41705__10.12893__10.13193__10.230__10.1.1.136.1029__10.13016__10.336703823__10.15457__10.421__10.3002__10.1.1.674.1567&rep=rep1&type=pdf__10.1.1.107.2074__10.13966__10.29.03__10.5905__10.1.1.681.2020__10.1788__10.15998__10.11838__10.1.1.233.256__10.00.4212__10.328__10.1983__10.1946__10.011.03__10.1.1.182.9356__10.577__10.ll55__10.14765__10.10.3923__10.21350011__10.1315__10.9544__10.1.016__10.1.1.108.7102__10.1.1.567.4505__10.1.1.105.2332__10.1.1.129.4369&rep=rep1&type=pdf__10.11.01__10.19538__10.l155__10.1.1.14.6956__10.1.1.723.4733__10.09648__10.0.1371__10.5443__10.1471__10.10384__10.17461__10.101136__10.1.1.298.9925__10.2917__10.13476__10.9204__10.10.3349__10.1.1.483.5314__10.5458__10.l02l__10.34677__10.1277__10.4477__10.13570__10.7541__10.2415__10.1.1.911.5286__10.352__10.13433__10.2724__10.17411__10.13581__10.13898__10.1.1.470.8078__10.13100__10.10603__10.1.1.100.445__10.14015__10.336841__10.1.1.227.9062__10.50194__10.11868__10.12126__10.16135__10.1071007__10.13855__10.049__10.10881674__10.137.1__10.3292__10.im__10.4391__10.40000__10.1.1.709.7450&amp;rep=rep1&amp;type=pdf__10.00810__10.11181__10.416__10.3439__10.13428__10.17037__10.04122__10.891__10.3235__10.0.13.61__10.1.1.136.6825__10.13564__10.38691__10.042__10.15.15__10.12760__10.3977__10.6570__10.13635__10.7658__10.15979__10.1.1.19.2954__10.13506__10.12877__10.1.1.7.8570__10.1729__10.10.1001__10.?1104__10.1.1.38.763__10.10881__10.2801__10.1.1.50.3129__10.109509202__10.4442__10.1.1.464.2827&rep=rep1&type=pdf192018__10.6182__10.12037__10.0.1037__10.1.1.25.781__10.19599__10.10973__10.19814__10.ajpendo.00443__10.1797__10.1.1.77.4920__10.1.1.484.8060&rep=rep1&type=pdf__10.23668__10.13455__10.1771__10.11894__10.15941__10.23661__10.16280__10.14137__10.20130544__10.310.4236__10.1.1.144.5690.__10.25759__10.25919__10.1.1.51.1001__10.108011359__10.16233__10.13597__10.111111__10.2246__10.1.1.919.8419__10.16084__10.123__10.16808__10.23638__10.311136__10.10890__10.15160__10.11309__10.101)6__10.14822__10.11861475__10.16339__10.16836__10.14674__10.4909__10.10453__10.101703768__10.20820__10.7265__10.515__10.505__10.34343__10.5451__10.11242__10.6103__10.1.1.414.953__10.0111__10.11745__10.143599__10.10542__10.11574__10.1.1.999.1610__10.11456__10.1.1.39.249__10.26066__10.11962__10.58585__10.7910__10.102196__10.117710264__10.1.1.137.3794__10.216__10.1.1.413.6512__10.13135__10.10.5562__10.439__10.15889__10.12020__10.1.1.61.8890__10.500__10.39261__10.0.5.91__10.2172204__10.10.93__10.13662__10.2267__10.0.4.13__10.0.50.173__10.665285__10.13522__10.1.1.118.8050__10.21427__10.24435__10.5676__10.13965__10.118.1973__10.3042__10.1.1.597.7776&rep=rep1&type=pdf__10.no93__10.1.1.360.2497&rep=rep1&type=pdf__10.124s__10.1.1.686.6458__10.71016__10.26188__10.121__10.16043__10.16197__10.11540__10.10398__10.1.1.641.2420&rep=rep1&type=pdf__10.19975__10.78__10.791__10.16711__10.17887__10.1863__10.1.1.335.7044__10.10173__10.417__10.25835__10.102104738__10.19319__10.4511__10.12018__10.23070__10.73__10.056__10.12371__10.7946__10.13712008__10.110.1063__10.2063__10.14454__10.24532__10.2__10.1851__10.01166__10.0576__10.9379__10.10022__10.1.1.672.2288__10.332910__10.11907__10.15910__10.7512__10.0886__10.117710002__10.011.04__10.901__10.7.82__10.54772__10.11512__10.4566__10.1.1.25.8195__10.16521__10.10531__10.13327__10.1.1.582.540&rep=rep1&type=pdf__10.13653__10.1.1.17.8939__10.10023__10.16695__10.−1186__10.16488__10.16323__10.2762__10.39923__10.1.1.456.603&rep=rep1&type=pdf__10.08.01__10.15877__10.14017__10.16247__10.01117__10.1.1.61.8355__10.11.11__10.13711__10.19549__10.1.1.9.3429__10.0192__10.21378__10.12075__10.1.1.206.5167.__10.(1007)__10.14050__10.13771__10.108010893__10.11855__10.1.1.105.834__10.13882__10.11999__10.25521__10.16194__10.73126__10.0.3.234__10.16288__10.18441__10.10.1108__10.1.1.509.4258&rep__10.22051__10.16175__10.11329__10.1.1.823.5053__10.520__10..1016__10.10162018__10.229__10.13436__10.7495__10.6271__10.14133__10.233__10.1.1.46.6099__10.16390__10.13931__10.10186__10.1961__10.3037__10.l0l6__10.1.1.178.132&rep=rep1&type=pdf__10.11303__10.7612__10.19224__10.0196__10.2042__10.24780__10.1404__10.16904__10.134__10.19435__10.13651__10.6043__10.12446__10.119801621__10.30402__10.1.1.38.3112__10.1.1.13.8174__10.13297__10.12854__10.1.1.19.8100__10.16578__10.1.1.684.2394__10.16626__10.28535__10.136787790__10.11190__10.16306__10.117212190__10.25910__10.25812__10.1.1.41.1639__10.18968__10.26028__10.i103__10.50114__10.13264__10.15992__10.17880__10.1.1.5.4577__10.1.1.31.249__10.113012009__10.1446__10.25740__10.1.1.475.6713&rep=rep1&type=pdf__10.609__10.3049__10.12003__10.1.1.91.3858__10.4__10.1.06__10.103.8__10.16241__10.17402__10.103879002__10.88__10.6080__10.111.1179__10.1445__10.117755950__10.41722__10.1.1.52.4747__10.10.1517__10.14276__10.55202__10.100175__10.1.1.546.9783__10.17863__10.229252__10.39997__10.13995__10.044__10.6992__10.12117__10.1.1.407.6358__10.0735__10.10632__10.1850__10.19779__10.1733__10.546544256__10.11552019__10.8676__10.1907__10.1016010__10.16329__10.16559__10.1333__10.26__10.4771__10.11.474.1228__10.1.1.21.3818__10.07.03__10.1.1.225.9038__10.1129__10.11857__10.1.1.657.5389__10.l377__10.18126__10.1.1.41.6474__10.112110__10.14066__10.0.4.102__10.11934__10.1.1.124.9206__10.21220__10.11185__10.13823__10.1.1.38.8535__10.115552519__10.1.1.468.9708__10.10899__10.1.1.403.5143__10.22091__10.3038__10.19763__10.19664__10.102307__10.1.1.116.5688__10.10327__10.19246__10.19495__10.2100__10.213541119__10.9634__10.11.26__10.11925__10.26078__10.533__10.0090__10.-1177__10.11552__10.10.1371__10.121208__10.1.1.125.2561__10.4624__10.1.1.184.4759__10.1.1.219.7043__10.1448__10.11679__10.10.1088__10.108010749__10.1327__10.410310253__10.1.1.11.1585__10.215116__10.23390__10.13608__10.l371__10.11989__10.1.1.75.3282__10.100700009__10.117713675__10.1.1.457.9560&rep=rep1&type=pdf__10.2889__10.002071608__10.2102__10.1150__10.101525__10.3489__10.11ll__10.220__10.01002__10.15021__10.1.1.296.7786__10.177561__10.0.1613__10.10893__10.1.1.68.2975__10.1.1.210.3683__10.16498__10.73.97__10.10680__10.1.1.130.7987__10.1428__10.204__10.1.1.121.9220__10.11210__10.0.23.200__10.319__10.108014789__10.1430__10.3012__10.18752__10.16270__10.1218__10.13773__10.14672__10.13978__10.i0i6__10.23719__10.5076__10.1.1.69.1178__10.17471__10.3910__10.0195__10.0269__10.16011__10.1427__10.8109__10.0401__10.26374__10.1.1.534.1524__10.1514__10.1.1.465.6472__10.2426__10.s1007__10.16146__10.7803__10.12173__10.1.1.42.5375__10.100071__10.283__10.6286__10.1.1.95.5195__10.110.3133__10.22105__10.234__10.7655__10.2787__10.10.88__10.3458__10.11973__10.1237__10.333__10.30109__10.14855__10.101694222__10.1874__10.10667__10.10s6__10.1.1.396.668__10.10013__10.099-1112__10.2866__10.1.1.299.6205&rep=rep1&type=pdf__10.11097__10.261__10.13541__10.1758__10.212__10.10086__10.10231__10.112611463__10.11.1136__10.13842__10.3307__10.201810__10.063__10.217279354__10.1.1.460.1550__10.1.1.185.2829__10.2906__10.11730__10.15901__10.14076__10.13634__10.3-106.10.1016__10.1.1.576.9802&rep=rep1&type=pdf__10.x2013;1016__10.13926__10.11977__10.19758__10.100210900__10.1.386__10..1111__10.1.1185__10.1.1.151.7353__10.16366__10.13412__10.5683__10.1.1.21.4023__10.116159206__10.19759__10.433__10.230735400__10.3294__10.15110__10.78.704__10.11519__10.16469__10.1.1.587.2681__10.13922__10.16471__10.1.1.84.8167&rep=rep1&type=pdf__10.1.1.9.7791__10.11776__10.88.154__10.10378__10.1.1.131.1164__10.100740314__10.13811__10.2234__10.11731__10.7390__10.101b__10.201310__10.1-111__10.117701171__10.19303__10.1.002__10.11552013__10.332__10.`1002__10.11662__10.1.1.385.6436__10.1.1.84.6858__10.10025__10.1.1.172.559__10.189006013__10.18429__10.15885__10.108001463__10.1.1.130.3795__10.1.1.370.2813__10.1.1.47.9768&rep=rep1&type=pdf__10.1.1.300.4545__10.1.1.40.7506__10.504__10.1782__10.(1038)__10.1.1.678.7639__10.26325__10.4801__10.26037__10.330__10.3333__10.22.409__10.100219871__10.1.1.135.303__10.12.7__10.0894__10.26220__10.19725__10.17192__10.10198__10.1.1.470.8922__10.1.1.86.1278__10.121411763__10.13652__10.3871__10.7701__10.11719__10.17374__10.11896__10.58129__10.11499__10.14037__10.604__10.11103390__10.108007418__10.5160__10.1.1.140.7218__10.18151__10.307730__10.10621__10.2713__10.3669__10.28000__10.2854__10.1.1.105.6212__10.1.1.352.5199__10.102l__10.177265__10.1.1.103.1375__10.13764__10.1.1.77.4707__10.0017__10.23760__10.10.01__10.338__10.1996__10.1.1.87.5961&rep=rep1&type=pdf__10.15980__10.10145__10.3435__10.13345__10.150__10.2849__10.43__10.7641__10.0093__10.1z1.4814703__10.1.1.141.1549__10.1.1.295.4053__10.10707__10.15781__10.13093__10.10.1600__10.14291__10.113630038__10.16310__10.1.1.136.4553__10.3355__10.100271873__10.396-9__10.19581__10.392800904__10.2645__10.2034__10.3639__10.16267__10.16036__10.7413__10.13346__10.16338__10.1.1.429.42__10.-1063__10.002188631__10.24380__10.1.1.30.9769__10.12__10.11039__10.7396__10.1.1.10.2965__10.08-0589.0.2000-05-003__10.10070978__10.1406__10.2860__10.103-969__10.132255__10.77577__10.1734__10.117712063__10.3327__10.978.08540__10.109310__10.6046__10.3933__10.11861471__10.11.1115__10.1.1.360.1595__10.16842__10.41135__10.1.1.466.9748__10.16117__10.101357__10.1.1.236.8407__10.38.177__10.2771__10.10505__10.1.1.671.2783&rep=rep1&type=pdf__10.4231__10.108010305__10.l3732__10.1131__10.7285__10.11684__10.1.1.56.4370__10.30310__10.1.1.27.6093__10.1461__10.230.__10.1.1.65.7001__10.0161371__10.10338__10.1.1.117.8043__10.!007__10.13872__10.401__10.22079__10.pu1093__10.14156__10.162__10.984__10.1.1.495.8529__10.1.1.360.2480__10.s1016__10.1.1.598.3159__10.39691__10.110.4064__10.4485__10.1.1.513.1210&rep=rep1&type=pdf__10.1.1.616.5982__10.155982761__10.1.1.582.252__10.13553__10.26300__10.1.1.25.8311__10.16027__10.1016008__10.n1016__10.33.66__10.1436__10.111110__10.225:8080__10.11209__10.19329__10.116110__10.19818__10.1.1.44.9650__10.11942__10.24696__10.1.1.40.8504__10.11.1186__10.1.1.179.3303__10.1530171__10.17608__10.10496__10.10.2514__10.14009__10.14458__10.138632__10.13324__10.23749__10.417212324__10.0.12.37__10.6907__10.106311__10.7361__10.339015053__10.11.330.6563__10.2019__10.51.124__10.25916__10.101610__10.16888__10.1.1.550.9852&rep=rep1&type=pdf__10.10-07__10.16815__10.1.1.167.4245__10.0106__10.114-6__10.10880957__10.16091__10.ᆒ__10.1.1.678.6883__10.3442__10.1-63__10.03.005__10.1705__10.11354__10.13656__10.14976__10.3252__10.14611__10.1.1.195.6980__10.19457__10.97812345__10.15031__10.0504__10.10.1089__10.38899__10.13936__10.15215__10.2899__10.31690__10.1007011__10.11559__10.17466__10.1.1.117.2619&rep=rep1&type=pdf__10.108010047__10.1.1.30.3710__10.12067__10.41.61__10.108017518__10.23402__10.105540__10.44.322__10.246__10.2857__10.3.002.00__10.2783__10.23__10.11395__10.01001__10.55032__10.09.1016__10.17864__10.1.1.94.7667__10.10.4319__10.108014790__10.1.1.377.8221__10.16467__10.11517__10.1.1.128.80__10.1.1.4.1641__10.0474__10.13604__10.3973__10.10.1518__10.10.5402__10.12131__10.11364__10.1316__10.1.1.362.2899__10.14046__10.101101__10.1.1.118.638__10.1.1.67.5472__10.13483__10.1111464__10.110.1177__10.16168__10.1.1.186.3278__10.1.1.367.9480__10.1.1.37.2477__10.6558__10.1.1.228.6236__10.1.1.123.5975__10.2685__10.11876__10.310915368__10.23762__10.16423__10.10751__10.16277__10.1m038__10.1.1.51.9525__10.1.1.516.2517&rep=rep1&type=pdf__10.1.1.6.8337__10.4341__10.561__10.11054__10.1.1.149.855__10.11853__10.07110__10.101657422__10.41007__10.14677__10.10786__10.1.1.5.68__10.11500__10.14022__10.1.1.170.9791__10.16433__10.(1207)__10.13962__10.3478__10.13800__10.10.3892__10.13530__10.1.1.11.751__10.1.1.112.2064__10.1417__10.378__10.(1026)__10.77.1103__10.12810__10.21671__10.0041__10.10020__10.19339__10.154790__10.13441__10.19001__10.117710775__10.13549__10.22032__10.0087__10.2009__10.22967__10.10014__10.10.7__10.1.1.115.2281__10.14007__10.1.1.19.635__10.1.1.38.8643__10.10.1084__10.10237__10.1.1.298.428__10.25674__10.15496__10.1.1.155.3232__10.40xx__10.13971__10.101186__10.12081__10.111j.1365.2486.2009.02083.x__10.2059__10.047103003__10.13676__10.0121__10.102104980__10.418__10.14096__10.3455__10.1-7__10.166__10.12115__10.11081__10.1.1.476.3973__10.217418742__10.94049__10.10592__10.15898__10.1.1.157.772__10.16099__10.206__10.17451__10.1.1.317.7556__10.7371__10.510.1097__10.13458__10.13862__10.593__10.13806__10.11.1__10.1.1.9.159__10.102105016__10.307__10.1.1.153.5943__10.19381__10.101m6__10.10.6__10.16158__10.339016092__10.103538__10.01177__10.13389__10.13382__10.14600__10.1.1.83.7881__10.16448__10.11372__10.1.1.144.2669__10.396.9__10.14121__10.13267__10.11970__10.1.1.110.7722__10.13757__10.427043__10.101650145__10.4703__10.13219__10.0165__10.16411__10.1.1.63.7505__10.18142__10.12094__10.11172__10.1.1.207.2059__10.13379__10.23767__10.12017__10.10421__10.100700421__10.14002__10.13148__10.1.1.83.8198__10.32165__10.77717__10.11300__10.103710033__10.11-11__10.10.2136__10.1.1.670.5974__10.11670__10.124__10.14028__10.13375__10.1746__10.108013504__10.1.1.667.8652__10.6222__10.1.1.231.3635__10.1.1.17.6346__10.18948__10.22065__10.1.1.105.6020__10.19394__10.13258__10.1.1.471.3802__10.1l146__10.10.1890__10.1721__10.13127__10.0021__10.432__10.1.1.210.4297__10.1.1.42.9166__10.169__10.1.1.105.9208__10.10.1164__10.1.1.120.318__10.13833__10.10.4172__10.2916__10.1.1.513.3799__10.1.1.675.2499&rep=rep1&type=pdf__10.1.1.204.6669&rep=rep1&type=pdf__10.11769__10.01063__10.603__10.1.1.365.9249&rep=rep1&type=pdf__10.16110__10.14111__10.1.1.300.2221__10.1.1.666.6317&amp;rep=rep1&amp;type=pdf__10.11867477__10.18.11–10.18.16__10.3456__10.16305__10.2088__10.11861880__10.0.4.163__10.19328__10.1.1.53.4500__10.4.93__10.01108__10.1.1.29.1299__10.14654__10.11.62__10.19765__10.22084__10.10810__10.1.1.220.2333__10.9593__10.313__10.21357__10.0032__10.29891__10.13719__10.14469__10.1.1.658.3141__10.7377__10.3687__10.2429__10.3270__10.1.1.98.6074__10.1.1.115.6723__10.11851__10.1.1.876.7443&rep=rep1&type=pdf__10.310138168__10.13421__10.3364__10.1231126__10.2572__10.1753__10.,1016__10.14627__10.582+9__10.2129__10.100.2749__10.1981__10.117711074__10.13891__10.108010741__10.23690__10.7804__10.10.__10.1.1.92.6824__10.16383__10.30423__10.41__10.101542__10.11.5__10.01146__10.10510__10.289__10.3274__10.19926__10.1.1.226.8638‎__10.18160__10.1.1.148.395__10.1.186__10.4690__10.1939__10.22071__10.2536__10.16585__10.11207__10.11666__10.0122__10.11178__10.25560__10.1700010__10.0.4.22__10.04162__10.103837176__10.50-14__10.524__10.1.1.923.9897&rep=rep1&type=pdf__10.10387__10.120715327__10.1.1.51.8767&rep=rep1&type=pdf__10.50772__10.594__10.10.3748__10.12766__10.17166__10.7520__10.237__10.0509__10.1407__10.1861__10.10412905__10.1856__10.372__10.2391__10.100700229__10.10046__10.13192__10.13638__10.13990__10.25749__10.12884__10.57700__10.110.1093__10.13622__10.10s38__10.16215__10.111314210__10.13938__10.382__10.21.188__10.104319__10.1.1.331.4489__10.1.1.336.3022__10.16494__10.14124__10.1.1.205.5427__10.ll76__10.10.20965__10.160__10.3525__10.1.1.2.7408__10.12860__10.16246__10.1.111__10.1.1.102.2905__10.2432__10.137:1-12__10.13583__10.16186__10.10.02__10.16.73__10.0171371__10.hdl.handle.net__10.25911__10.1.1.55.4600__10.11361177__10.2367__10.13026__10.22100__10.23823__10.1438__10.1021021__10.213__10.​5431__10.10.1210__10.11.8248011.55__10.23770__10.76561362__10.102105150__10.3614__10.1.1.457.8548__10.4403__10.1.1.12.5476__10.125842__10.1.1.107.7212__10.14063390__10.0885__10.23-7__10.26346__10.14994__10.103-8__10.17620__10.3867__10.3484__10.110121497__10.3770__10.165216__10.22080__10.16597__10.1343__10.afs-fhs.org__10.101152__10.220.33.5__10.46-6673__10.19526__10.10162017__10.14083__10.453__10.10983__10.154446__10.24769__10.34670__10.1.1.33.7348__10.10.2174__10.0461__10.19586__10.13413__10.11858__10.1.1.138.8933__10.2098__10.10885__10.3672__10.111712__10.102165__10.10012__10.n86__10.1908__10.347__10.1.1.193.5978__10.13300__10.0030__10.19332__10.114416__10.10223__10.1322__10.19709__10.45__10.114572814__10.1.1.196.9351&rep=rep1&type=pdf__10.41671__10.173333333__10.1875__10.160.46__10.16144__10.1.1.119.6668__10.1.1.30.2405__10.11698__10.13644__10.526__10.19568__10.18937__10.674__10.24436__10.15150085__10.14107__10.0.1111__10.122700000__10.1.1.6.8776__10.1.1.460.1417__10.1.1.378.9970__10.10169__10.24355__10.1.166__10.14662__10.1.1.23.9610__10.16300__10.1.1.669.8604__10.10.3171__10.1.1.151.8144__10.13561__10.1.1.66.8800__10.11520__10.1.1.436.7331__10.11408__10.115572015__10.2837__10.11266__10.1.1.1.2775__10.373__10.354000118__10.1.1.118.6289__10.099-2240__10.6277__10.11426__10.1.1.148.5499__10.00042737__10.22045__10.1.1.15.577__10.1.1.460.8553__10.1396674__10.-1111__10.1.1.111.7688__10.1.1.366.3256__10.1τ348__10.1.1.308.4275__10.1.1.17.8262__10.1778__10.1.1.79.4636__10.16192__10.17170__10.7935__10.0191371__10.118640703__10.01710__10.7001__10.19.112__10.16593__10.171.16__10.13614__10.10980__10.11551__10.19733__10.0487__10.11578__10.978.05968__10.170__10.111810__10.1.1.75.6547__10.a016__10.10.1167__10.121210__10.500.12358__10.498__10.ll0l__10.101002__10.10217__10.110.1080__10.16303__10.376__10.1.1.402.9250__10.190.7164__10.136.__10.13153__10.23672__10.1.1.139.2564__10.1.1.224.7457__10.110802621__10.11179__10.(1186)__10.25932__10.20803__10.16765__10.1.1.74.4461__10.470-__10.1569__10.10731__10..1177__10.19547__10.44471__10.1.1.195.2818&rep=rep1&type=pdf__10.17446__10.026.1__10.7510__10.10271864__10.47__10.13577__10.11581__10.11935__10.1552__10.19276__10.11104__10.1.1.627.2918&rep=rep1&type=pdf__10.02010__10.100000000__10.68.075__10.131__10.10316__10.10070024__10.26403__10.arxiv.org__10.1.1.201.5239&rep=rep1&type=pdf__10.13729__10.11-14.10.91__10.408347__10.1.1.363.5478__10.1.1.180.8754__10.1.1.105.8399__10.0376__10.230723__10.7086__10.1041__10.035__10.27162__10.13194__10.14132__10.17182__10.055__10.5257__10.10123__10.21411__10.11469__10.3550__10.6656__10.19342__10.10017__10.10093__10.102475__10.11231__10.14176__10.100a__10.(1177)__10.3302__10.1.1.117.6526__10.081__10.7633__10.128913067__10.7005__10.11216__10.26.079__10.10.5252__10.1.1.43.682__10.15490__10.09.04__10.11958__10.108013552__10.1.1.648.3999__10.9155__10.295__10.10732__10.19554__10.1.1.77.481__10.1.1.101.503__10.1.1.472.1974__10.11543__10.392__10.1.1.686.4568__10.1.1.35.8710__10.14173__10.751650311__10.4-172__10.100719002__10.53595__10.4.18__10.6772__10.1.1.933.4860&rep=rep1&type=pdf__10.20597__10.1.1.102.9485__10.14470__10.52__10.8__10.1.1.542.252&rep=rep1&type=pdf__10.9934__10.0728__10.13753__10.ttnit073858406293182__10.1.1.193.4169__10.19230__10.1803__10.14063__10.1.1.299.205__10.555__10.01121__10.13504__10.16363__10.13893__10.1.1.90.2338__10.11248__10.269__10.22787__10.1.1.81.4449__10.436__10.10.25227__10.2673__10.1.1.654.2259__10.4973__10.1477__10.2314__10.25581__10.105605570__10.19582__10.19358__10.1.1.145.7598__10.15994__10.101g__10.103840337__10.32051__10.710__10.19756__10.2089__10.101690025__10.03239__10.1.1.106.4602&rep=rep1&type=pdf(132017__10.01057__10.2424__10.1.1371__10.1.1080__10.1.1.1.7559__10.522__10.10665__10.26151__10.129__10.18726__10.10216__10.13463__10.1.1.495.7510__10.004__10.1.1.11.4846__10.1723__10.­1.­1.­25.3684__10.310902699__10.588__10.1.1.30.648__10.0091__10.3034__10.1.1.198.4760&rep=rep1&type=pdf,p.1-5__10.10.15560__10.3072__10.1852__10.1.1.23.3087__10.172261__10.9969__10.271__10.15470__10.10063__10.22690__10.118101__10.11660__10.5809__10.9081__10.13218__10.15991__10.13751__10.2931__10.0121371__10.1.1.125.2388.__10.10-98__10.0.5.245__10.1.1.581.8719&rep=rep1&type=pdf__10.1.1.57.5963__10.110.1145__10.15485__10.281__10.119420035__10.1.1.551.4161__10.16153__10.529__10.3247__10.5878__10.16112__10.1389__10.11261__10.14764__10.1.1.1006.2994&amp;rep=rep1&amp;type=pdf__10..137__10.1.1.204.2314__10.1.1.252.2352__10.13241__10.1.1.193.3968__10.978.07619__10.318915__10.12888__10.09.034__10.75551__10.090__10.32102__10.11.759__10.111s1__10.1.1.11.6513__10.1.1.88.568__10.19629__10.11515__10.1.1.96.2577__10.1-07__10.1.1.74.3875__10.1.1.199.1152&rep=rep1&type=pdf__10.16507__10.240.46__10.1.1.217.7866__10.101105__10.1.1.42.4553__10.l037__10.72.91__10.1.1.453.2675__10.20563__10.27775__10.1.1.503.4098__10.100343404__10.19227__10.53678__10.151510__10.16733__10.0141371__10.11786__10.30466__10.8397__10.7019__10.30000__10.13353__10.10639__10.110809201__10.310955170__10.16579__10.1.1.378.8719"
SAGE Publications,3895,54097,430,19891,10.1177__10.1369__10.1258__10.1191__10.5301__10.4135__10.1630__10.1345__10.1243__10.1106__10.4137__10.5367__10.1354__10.2182__10.2511__10.4219__10.2189__10.5034__10.7182__10.1622__10.3821__10.5193__10.2968
Oxford University Press (OUP),1443,5882,726,17751,10.1093__10.1534__10.2146__10.3382
American Psychological Association (APA),2,35,6,14462,10.1037__10.5084
Walter de Gruyter GmbH,227,28787,10529,3193,10.2478__10.1515__10.2202__10.1524__10.3884
American Chemical Society (ACS),0,0,30,8385,10.1021__10.26434
Public Library of Science (PLoS),688,0,90,7544,10.1371
BMJ,320,969,719,5286,10.1136__10.1783
Association for Computing Machinery (ACM),1333,131143,1610,3933,10.1145
Cold Spring Harbor Laboratory,1113,17119,49,5226,10.1101__10.1261
Frontiers Media SA,1772,45167,754,4428,10.3389__10.4175__10.3232
IOP Publishing,780,8448,50,4850,10.1070__10.1088__10.1209__10.35848
American Association for the Advancement of Science (AAAS),111,498,609,4164,10.1126__10.34133
